--
-- PostgreSQL database dump
--

\restrict ejOvSlpMlsRlHbuXZye47xvlUm6Gx0JighmA47qvLCjnp1ZqBxaFu5J4i4u3N99

-- Dumped from database version 15.15 (Debian 15.15-1.pgdg12+1)
-- Dumped by pg_dump version 15.15 (Debian 15.15-1.pgdg12+1)

SET statement_timeout = 0;
SET lock_timeout = 0;
SET idle_in_transaction_session_timeout = 0;
SET client_encoding = 'UTF8';
SET standard_conforming_strings = on;
SELECT pg_catalog.set_config('search_path', '', false);
SET check_function_bodies = false;
SET xmloption = content;
SET client_min_messages = warning;
SET row_security = off;

--
-- Data for Name: sources; Type: TABLE DATA; Schema: public; Owner: sandwich
--

COPY public.sources (source_id, url, domain, content, content_hash, fetched_at, content_type) FROM stdin;
98ff146b-e54c-4ea5-9642-ce82f89ac38c	https://en.wikipedia.org/wiki/Biomimetic_architecture	wikipedia	\N	2ed562186143b5d4	2026-02-02 20:34:58.114912	text
5eaa89a0-f810-4240-a79b-03ccb0a9bcc1	https://en.wikipedia.org/wiki/Guilds_in_medieval_Europe	wikipedia	\N	b81dc92dee4df09e	2026-02-02 20:35:20.602343	text
dcc40fde-9a0f-42a1-9375-57176fdd35fd	https://en.wikipedia.org/wiki/Acoustic_metamaterial	wikipedia	\N	627f6634e0030df0	2026-02-02 20:35:46.758505	text
c78783eb-4c37-4ddc-9343-0c61f3c932ec	https://en.wikipedia.org/wiki/Biomimetic_architecture	wikipedia	\N	2ed562186143b5d4	2026-02-02 21:08:35.506771	text
1aa57cde-b07b-4bce-b80f-19b1fc011d06	https://en.wikipedia.org/wiki/Synesthesia	wikipedia	\N	b50d905c5dcbf5aa	2026-02-02 21:08:58.752807	text
b2676a09-02c2-46f3-b8c0-7c4c00df5213	https://en.wikipedia.org/wiki/Acoustic_metamaterial	wikipedia	\N	627f6634e0030df0	2026-02-02 21:09:21.958491	text
3df0721f-b46a-4ecd-a28f-83bf99e9f25e	https://en.wikipedia.org/wiki/Mycelium	wikipedia	\N	43def39c44dd921c	2026-02-02 21:23:53.459263	text
c9623c82-5ef6-4fee-b2b0-6f100b2f95b3	https://en.wikipedia.org/wiki/Crystal	wikipedia	\N	6904709ba40cee03	2026-02-02 21:24:16.178189	text
01691c86-be60-4cc9-b3a6-12ee310076fd	https://en.wikipedia.org/wiki/Holographic_principle	wikipedia	\N	fcf4486f5f334644	2026-02-02 21:24:37.220661	text
34d4da12-f68f-44c5-aca1-bf466c4b69ac	https://en.wikipedia.org/wiki/Biomimetic_architecture	wikipedia	\N	2ed562186143b5d4	2026-02-02 21:39:59.694764	text
325b8872-2ab6-4aca-81fd-b164ea8cd51e	https://en.wikipedia.org/wiki/Acoustic_metamaterial	wikipedia	\N	627f6634e0030df0	2026-02-02 21:40:23.450456	text
cf487761-b45a-4f1a-9b00-fb0efc044493	https://en.wikipedia.org/wiki/Illuminated_manuscript	wikipedia	\N	381ba792481f1be7	2026-02-02 21:40:44.499926	text
0da076e4-32ba-4566-8373-b7b179ceb8fd	https://en.wikipedia.org/wiki/Biomimetic_architecture	wikipedia	\N	2ed562186143b5d4	2026-02-02 21:46:42.559197	text
e84bdfc0-6dc5-4915-88fa-d70d0882d508	https://en.wikipedia.org/wiki/Bioluminescence	wikipedia	\N	036afbde6f4f6c85	2026-02-02 21:47:04.96341	text
8d6d1e9c-44a2-49e8-b562-308ac952eaee	https://en.wikipedia.org/wiki/Collective_intelligence	wikipedia	\N	46bcdfef66a91f77	2026-02-02 21:47:26.983007	text
cbfb301f-bc06-4cf3-91f6-eff519606f7e	https://en.wikipedia.org/wiki/Biomimetic_architecture	wikipedia	\N	2ed562186143b5d4	2026-02-02 21:55:04.368512	text
a212d36a-8f3e-4976-a75f-f398f189849b	https://en.wikipedia.org/wiki/Clock	wikipedia	\N	d6fa24b1eaac2d24	2026-02-02 21:55:25.404296	text
103b3925-c55e-4c5e-9073-1e58b97d51c0	https://en.wikipedia.org/wiki/Quorum_sensing	wikipedia	\N	779b2b643eb52951	2026-02-02 21:55:46.181547	text
2bbf10d5-50fb-4522-a2b6-7c37e513d400	https://en.wikipedia.org/wiki/Byzantine_fault	wikipedia	\N	28f25e150b18032d	2026-02-08 21:29:05.537375	text
989b3ef8-42d3-4280-aec0-78927788f2c6	https://en.wikipedia.org/wiki/Topological_data_analysis	wikipedia	\N	f044593c79b6494f	2026-02-08 21:29:34.176412	text
\.


--
-- Data for Name: structural_types; Type: TABLE DATA; Schema: public; Owner: sandwich
--

COPY public.structural_types (type_id, name, description, bread_relation, filling_role, parent_type_id, canonical_example_id, created_at) FROM stdin;
1	bound	Upper/lower limits bounding a quantity	Upper/lower limits	Bounded quantity	\N	\N	2026-02-03 01:12:56.976742
2	dialectic	Thesis and antithesis framing a synthesis	Thesis/antithesis	Synthesis	\N	\N	2026-02-03 01:12:56.981317
3	epistemic	Assumption and evidence framing a conclusion	Assumption/evidence	Conclusion	\N	\N	2026-02-03 01:12:56.98595
4	temporal	Before and after states framing a transition	Before/after	Transition	\N	\N	2026-02-03 01:12:56.989852
5	perspectival	Two viewpoints framing a reconciliation	Viewpoint A/B	Reconciliation	\N	\N	2026-02-03 01:12:56.993583
6	conditional	Necessary and sufficient conditions framing a target property	Necessary/sufficient	Target property	\N	\N	2026-02-03 01:12:56.997205
7	stochastic	Prior and likelihood framing a posterior	Prior/likelihood	Posterior	\N	\N	2026-02-03 01:12:57.001345
8	optimization	Constraints framing an optimum	Constraints	Optimum	\N	\N	2026-02-03 01:12:57.005367
9	negotiation	Two positions framing a compromise	Position A/B	Compromise	\N	\N	2026-02-03 01:12:57.009656
10	definitional	Genus and differentia framing a defined concept	Genus/differentia	Defined concept	\N	\N	2026-02-03 01:12:57.01339
\.


--
-- Data for Name: sandwiches; Type: TABLE DATA; Schema: public; Owner: sandwich
--

COPY public.sandwiches (sandwich_id, name, description, created_at, validity_score, bread_compat_score, containment_score, nontrivial_score, novelty_score, bread_top, bread_bottom, filling, bread_top_embedding, bread_bottom_embedding, filling_embedding, sandwich_embedding, source_id, structural_type_id, assembly_rationale, validation_rationale, reuben_commentary) FROM stdin;
a8e8dd7e-4740-42cd-9004-cbdd493fc9ca	The Janine Special	This sandwich captures biomimicry's essential movement from natural observation to human application. The filling—the process of studying, imitating, and innovating from natural designs—finds its purpose only when bounded by its source (nature's models) and destination (human problems requiring solutions). Without both breads, biomimetic innovation becomes either abstract nature study or disconnected engineering.	2026-02-02 20:34:58.164142	0.9416970813767878	1	1	0.7084854068839389	1	Nature as source	Human problems as destination	Biomimetic innovation process	\N	\N	\N	\N	98ff146b-e54c-4ea5-9642-ce82f89ac38c	1	The innovation process requires both its natural inspiration and human application to maintain meaning. Remove nature as source, and you have solutions without wisdom. Remove human problems as destination, and you have elegant observations with no purpose.	LLM: Perfect pairing: nature and human problems form complementary endpoints of biomimicry's directional flow. Excellent containment: the biomimetic innovation process literally cannot exist without both natural models to study and human problems to solve - it emerges specifically from the tension between what nature offers and what humans need. | Nontrivial: sim(filling,top)=0.292, sim(filling,bottom)=0.247 | Novelty: corpus empty	A satisfying structural sandwich—the filling genuinely needs both breads to exist as biomimicry rather than mere biology or engineering. Benyus would approve of the efficiency. The three-model framework maps beautifully to the constraint pattern.
10fc3aa5-fc53-4542-8bee-d99edb6d9a9d	The Continuity Club	Medieval guilds and modern professional associations form the temporal bread around organizational continuity as filling. The sandwich captures how human tendencies toward professional organization, standards enforcement, and collective member protection persist across centuries despite radically different economic and social contexts. What flows between medieval craftsmen's guilds and today's bar associations or medical boards is this fundamental pattern of organized expertise.	2026-02-02 20:35:20.613663	0.8269188628175079	0.9	0.9	0.6999460717574921	0.7346482423300469	Medieval craft traditions	Modern professional associations	Organizational continuity	\N	\N	\N	\N	5eaa89a0-f810-4240-a79b-03ccb0a9bcc1	4	Without the medieval and modern bread slices, 'organizational continuity' would float as mere abstraction. The specific institutional forms—guild halls to professional licensing boards—give substance to what might otherwise be empty theorizing about human organizational behavior.	LLM: Medieval craft traditions and modern professional associations form an excellent temporal pair - clearly related institutional forms separated by centuries yet serving similar functions. The organizational continuity filling is genuinely constrained by this temporal bracketing; it emerges specifically from the persistent patterns visible across this historical span. Without both bread elements, the continuity concept would lack its defining temporal dimension and institutional specificity. | Nontrivial: sim(filling,top)=0.149, sim(filling,bottom)=0.300 | Novelty: max_corpus_sim=0.265	A satisfying temporal sandwich. The filling here isn't just continuity but *selective* continuity—certain organizational DNA persists while surface features evolve completely. The bread provides concrete institutional weight to what could easily become philosophical mush. Sometimes the most interesting sandwiches span the longest distances.
3de5296c-2f16-45e4-b8b4-69a66dff99dd	The Scale Bridge	This sandwich places acoustic metamaterials as a unifying engineering framework between the vast scale of seismic phenomena and the minute world of crystal phonons. The filling demonstrates how the same principles of wave manipulation—through designed structure and tailored parameters—apply whether we're protecting buildings from earthquakes or controlling heat flow in semiconductors. It reveals metamaterials as a conceptual bridge spanning orders of magnitude.	2026-02-02 20:35:46.766637	0.765094284258941	0.9	0.8	0.6134019319105336	0.6870694893841709	Large-scale phenomena (seismic waves, earthquake mitigation)	Small-scale phenomena (phonon behavior in crystals)	Acoustic metamaterials as unified engineering approach	\N	\N	\N	\N	dcc40fde-9a0f-42a1-9375-57176fdd35fd	1	Without the bread, acoustic metamaterials would appear as merely another materials science curiosity. The scale boundaries reveal its true significance: a single theoretical framework that translates quantum-scale phonon engineering into earthquake-scale wave control, showing how structure can govern physics across the entire spectrum of human concern.	LLM: Bread elements form an excellent pairing - seismic and phononic phenomena are both wave-based physics at dramatically different scales but sharing fundamental principles. The acoustic metamaterials filling is genuinely constrained by this scale relationship, existing specifically as the engineering bridge between these domains. The containment is strong because metamaterials derive their meaning here precisely from their ability to unify wave control across this vast scale gap - without both bread elements, the filling loses its bridging significance. | Nontrivial: sim(filling,top)=0.387, sim(filling,bottom)=0.381 | Novelty: max_corpus_sim=0.313	A satisfying construction. The filling gains weight when properly bounded—what seemed like laboratory tinkering reveals itself as a fundamental approach to wave control at any scale. There's something elegant about principles that work equally well whether you're stopping sound in a crystal lattice or stopping a building from falling down.
cd4a650d-96af-473a-b8f9-3f68e4055779	The Nature-to-Need	This sandwich captures the elegant arc of biomimetic innovation, where nature's time-tested solutions meet humanity's pressing challenges through deliberate design process. The filling—the methodical study, imitation, and adaptation of natural forms—gains its purpose only when bounded by its inspiration source above and its application target below. Without this containment, biomimetic design would float as mere mimicry or sink into unfocused problem-solving.	2026-02-02 21:08:35.560485	0.7211024045954475	0.9	0.9	0.6224552074592478	0.28305681551798945	Nature as inspiration source	Human problem-solving target	Biomimetic design process	\N	\N	\N	\N	c78783eb-4c37-4ddc-9343-0c61f3c932ec	1	The design process requires both the constraining wisdom of natural models and the focusing pressure of human needs to maintain its identity. Remove nature's inspiration and it becomes generic engineering; remove human problems and it becomes academic curiosity.	LLM: Bread elements form an excellent pairing - nature as inspiration source and human problems as application target are clearly related yet distinct concepts that naturally frame design processes. Containment is strong - biomimetic design genuinely requires both natural models for inspiration AND human needs for direction; without nature it becomes generic engineering, without human problems it becomes academic study of nature. The filling emerges specifically from the tension between these bounds. | Nontrivial: sim(filling,top)=0.378, sim(filling,bottom)=0.363 | Novelty: max_corpus_sim=0.717	A satisfying sandwich with clean structural logic. The filling transforms from scattered observation into purposeful methodology when properly constrained. Nature provides the recipes, humanity provides the hunger—and the process between them is where the real nourishment happens.
e20814e6-c5e2-48e0-8740-2e52f036c645	The Cross-Wired	This sandwich captures the involuntary neurological crossing that defines synesthetic experience. The filling—the perceptual bridge itself—is perfectly contained between the input stimulus and output experience, showing how synesthesia creates meaning through unexpected sensory translation. The structure reveals that synesthesia isn't chaos but a bounded phenomenon with clear entry and exit points.	2026-02-02 21:08:58.758003	0.8396779833452875	1	1	0.48686268028807045	0.7115272364383673	stimulation of one sensory pathway	involuntary experiences in other sensory pathways	the perceptual bridge that creates synesthetic experience	\N	\N	\N	\N	1aa57cde-b07b-4bce-b80f-19b1fc011d06	1	Without the bread boundaries of specific input and output pathways, the filling becomes mere confusion rather than the precise neurological bridge that characterizes true synesthesia. The containment transforms random sensory noise into structured cross-modal experience.	LLM: Perfect bread pairing: input stimulation and involuntary output experiences form the natural boundaries of synesthetic phenomena. Excellent containment: the perceptual bridge exists precisely because of and between these specific neurological boundaries - without the input stimulus there's no bridge to form, and without the involuntary cross-modal output there's no synesthesia to define. The filling cannot exist independently of either bread element. | Nontrivial: sim(filling,top)=0.475, sim(filling,bottom)=0.513 | Novelty: max_corpus_sim=0.288	A satisfying construction. The filling does real work here—it's not just the connection between A and B, but the mechanism that makes involuntary cross-wiring meaningful rather than merely chaotic. There's something elegant about how the brain's miswiring becomes the most essential ingredient.
377bf31d-35be-497f-8371-58a3611b933f	The Sonic Gatekeeper	This dialectic sandwich places frequency-selective engineering between the dual acoustic destinies of wave transmission/trapping and wave attenuation. The filling—the deliberate manipulation of material parameters like bulk modulus and density—serves as the crucial bridge between these opposing wave behaviors. It demonstrates how the same engineered structure can both welcome and reject acoustic energy, depending on frequency.	2026-02-02 21:09:21.976342	0.7958807590390359	0.9	0.9	0.7324540397565386	0.5469497554386406	Wave transmission and trapping	Wave attenuation	Frequency-selective control through engineered parameters	\N	\N	\N	\N	b2676a09-02c2-46f3-b8c0-7c4c00df5213	2	Without these bread slices, frequency-selective control becomes merely abstract parameter manipulation. The bread gives it purpose—showing that engineering metamaterials is ultimately about choosing which waves live and which waves die.	LLM: Wave transmission/trapping and wave attenuation form an excellent dialectic pair - they represent opposite acoustic destinies that materials can impose on waves. The frequency-selective control filling is genuinely constrained by this opposition, as it exists precisely to mediate between allowing waves through versus blocking them. Without both bread elements, the engineering becomes purposeless parameter tweaking rather than deliberate acoustic fate determination. | Nontrivial: sim(filling,top)=0.259, sim(filling,bottom)=0.268 | Novelty: max_corpus_sim=0.453	A satisfying dialectic. The filling doesn't just sit between opposites—it actively orchestrates them. There's something poetic about materials that can whisper 'come in' to some frequencies while firmly telling others 'keep walking.' The engineering becomes a kind of acoustic diplomacy.
111dd833-8323-4d61-80de-0b558c98c70e	The Hyphal Handoff	This sandwich captures the pivotal moment when two compatible monokaryotic mycelia encounter each other and fuse, transforming from sexually sterile thread networks into a dikaryotic mycelium capable of producing fruiting bodies. The filling—that critical fusion event—is bounded by the lonely monokaryotic state that precedes it and the reproductive potential that follows.	2026-02-02 21:23:53.50009	0.854923842198555	1	1	0.30370902144185086	0.7968374449113866	Single spore germination into monokaryotic mycelium	Dikaryotic mycelium fruiting body formation	Compatible monokaryotic mycelia fusion event	\N	\N	\N	\N	3df0721f-b46a-4ecd-a28f-83bf99e9f25e	4	Without the initial monokaryotic germination from spores, there would be no compatible mycelia to fuse. Without the successful dikaryotic formation, the mycelium remains trapped in sexual sterility, unable to produce the mushrooms and other fruiting structures that complete the fungal lifecycle.	LLM: Perfect bread pairing - monokaryotic and dikaryotic states are distinct but sequential phases in fungal development. Excellent containment - the fusion event literally cannot occur without prior monokaryotic germination and directly enables dikaryotic fruiting body formation. High specificity - uses precise mycological terminology (monokaryotic, dikaryotic, spore germination, fruiting body) that domain experts would immediately recognize. | Specificity: 1.000 | Nontrivial: sim(filling,top)=0.696, sim(filling,bottom)=0.648 | Novelty: max_corpus_sim=0.203	A particularly satisfying sandwich—the filling captures that precise moment of biological partnership that unlocks reproductive potential. The bread holds firm: monokaryotic limitation on one side, dikaryotic capability on the other. Clean temporal boundaries, clear biological consequence. Sometimes the most elegant sandwiches are about compatibility.
cfbaba0c-62fd-4af2-8453-545ba2db3357	The Lattice Bridge	This sandwich captures how crystal structure creates a continuous bridge from atomic-scale lattice arrangements to the flat faces and characteristic angles visible to the naked eye. The filling explores how crystal structure manifests consistently across multiple orders of magnitude, maintaining its fundamental geometric relationships whether observed through electron microscopy or held in the palm. The bread anchors this manifestation at its two observational extremes: the highly ordered microscopic lattice extending in all directions below, and the identifiable geometric faces with specific orientations above.	2026-02-02 21:24:16.19031	0.7511388882928833	0.9	0.9	0.46617656443743927	0.5810620181363366	Microscopic atomic lattice arrangement	Macroscopic geometrical face orientations	Crystal structure manifestation across scale domains	\N	\N	\N	\N	c9623c82-5ef6-4fee-b2b0-6f100b2f95b3	1	Without the microscopic lattice arrangement, there would be no geometric foundation to generate the macroscopic face orientations. Without the macroscopic face manifestations, the atomic lattice would remain an invisible abstraction with no observable geometric consequence.	LLM: Excellent bread pairing between microscopic lattice and macroscopic faces - clearly related scale endpoints of the same phenomenon. Strong containment as crystal structure manifestation genuinely emerges from and bridges these specific scales. Good specificity with concrete crystallographic concepts, though 'scale domains' and 'manifestation' are slightly abstract. The lattice-to-face relationship is precise and domain-specific. | Specificity: 0.800 | Nontrivial: sim(filling,top)=0.534, sim(filling,bottom)=0.418 | Novelty: max_corpus_sim=0.419	A satisfying structural inevitability here. The lattice doesn't merely influence the faces—it *is* the faces, just viewed through different lenses. The filling captures that seamless geometric continuity that makes crystallography possible as a science. Clean containment, no loose ends.
c2644d6d-6712-407c-9146-e362a67817f4	The Holographic Reuben	Three-dimensional AdS spacetime geometry forms the upper boundary, containing the AdS/CFT correspondence duality mapping that translates gravitational physics into gauge theory language. The two-dimensional CFT living on the boundary surface provides the lower boundary, creating an epistemic sandwich where bulk physics is encoded in boundary degrees of freedom.	2026-02-02 21:24:37.225994	0.838388719891534	1	1	0.3936008558627718	0.646742957560591	Three-dimensional AdS spacetime geometry	Two-dimensional CFT on boundary surface	AdS/CFT correspondence duality mapping	\N	\N	\N	\N	01691c86-be60-4cc9-b3a6-12ee310076fd	3	Without the three-dimensional AdS bulk above and two-dimensional CFT boundary below, the AdS/CFT duality mapping loses its geometric foundation—it becomes a correspondence without spatial architecture. The filling requires both the higher-dimensional gravitational theater and its lower-dimensional holographic screen to give meaning to the encoding relationship.	LLM: Perfect bread pairing: 3D AdS spacetime and 2D CFT boundary are geometrically related but dimensionally distinct components of holographic duality. Excellent containment: the correspondence mapping literally exists in the relationship between bulk and boundary, losing meaning without either component. High specificity: AdS spacetime, CFT, and duality mapping are precise technical concepts in theoretical physics that domain experts would immediately recognize. | Specificity: 1.000 | Nontrivial: sim(filling,top)=0.577, sim(filling,bottom)=0.606 | Novelty: max_corpus_sim=0.353	A particularly elegant construction. The dimensional reduction from bulk to boundary mirrors how information compresses without loss—rather like how a good sandwich concentrates flavors between its bounds. 't Hooft and Susskind understood that sometimes the most profound truths live at the edges.
50eef4c8-230c-493f-9a52-78ecf068c20e	The Gecko's Grip	Gecko setae achieve adhesion through van der Waals forces between millions of nanoscale hairs and surfaces, creating reversible attachment without chemical bonds. Biomimetic dry adhesive building panels replicate this mechanism using synthetic micro-structures that engage molecular forces for temporary but strong adhesion. Human architectural facade attachment systems traditionally rely on mechanical fasteners, chemical bonds, or structural integration that require permanent alteration of building surfaces.	2026-02-02 21:39:59.766225	0.791895875806478	0.9	0.9	0.5289559233136377	0.6377624365471611	Gecko setae van der Waals adhesion mechanism	Human architectural facade attachment systems	Biomimetic dry adhesive building panels	\N	\N	\N	\N	34d4da12-f68f-44c5-aca1-bf466c4b69ac	1	Without gecko setae's van der Waals mechanism above and conventional facade systems below, biomimetic dry adhesive panels lose their identity as a bridge between molecular-scale natural adhesion and macro-scale architectural attachment. The filling exists precisely in this gap between biological nanoscale physics and human building-scale engineering.	LLM: Excellent bread pairing between gecko nanoscale adhesion mechanism and human macro-scale facade systems - related domains at different scales. Strong containment as biomimetic panels exist precisely in the gap between molecular biology and architectural engineering, losing meaning without both bounds. High specificity with concrete technical terms: van der Waals forces, setae, nanoscale structures, facade attachment systems. Minor deduction for 'conventional systems' being slightly less precise than other elements. | Specificity: 0.900 | Nontrivial: sim(filling,top)=0.331, sim(filling,bottom)=0.471 | Novelty: max_corpus_sim=0.362	A satisfying construction. The gecko's nanoscale grip provides elegant biological constraint while human facade systems anchor the engineering reality. The filling sits naturally in that space where molecular forces meet architectural necessity. The specificity holds—no drift into vague biomimicry talk.
a4e55170-e633-46ce-b958-1d6fbadacc1b	The Forbidden Zone	Electronic band gaps in semiconductor crystals create frequency ranges where electrons cannot propagate, while phononic band gaps in acoustic metamaterial lattices create frequency ranges where phonons cannot propagate. Between these two manifestations of wave prohibition lies the engineering principle of wave propagation control through periodic microstructure engineering—the deliberate arrangement of material boundaries and resonant elements to selectively permit or deny wave transmission at specific frequencies.	2026-02-02 21:40:23.494463	0.7230745110701802	0.9	0.8	0.5793229645348359	0.38088033194977355	Electronic band gaps in semiconductor crystals	Phononic band gaps in acoustic metamaterial lattices	Wave propagation control through periodic microstructure engineering	\N	\N	\N	\N	325b8872-2ab6-4aca-81fd-b164ea8cd51e	1	Without the quantum mechanical band gap physics of semiconductors and the classical wave mechanics of phononic crystals, the concept of engineering periodic microstructures to control wave propagation loses its theoretical foundation and practical endpoints. The filling requires both electronic and acoustic forbidden zones to demonstrate the universality of using periodic structure to manipulate wave behavior.	LLM: Electronic and phononic band gaps are perfectly paired - both represent forbidden propagation zones in periodic structures but for different wave types (electrons vs phonons). The filling is well-contained as it represents the general engineering principle that emerges from understanding both phenomena. All ingredients are highly specific - semiconductor crystals, acoustic metamaterial lattices, and periodic microstructure engineering are precise technical concepts with clear domain meanings. | Specificity: 0.900 | Nontrivial: sim(filling,top)=0.371, sim(filling,bottom)=0.421 | Novelty: max_corpus_sim=0.619	A satisfying architectural sandwich. The symmetry is particularly elegant—electrons and phonons, quantum and classical, yet both yielding to the same fundamental principle of periodic structure creating forbidden zones. The filling connects these seemingly disparate domains through the shared language of wave engineering. Sometimes the most profound connections are the most obvious ones, once properly framed.
1e5a17fc-749f-428d-a1d6-2af94638387d	The Transitional Illuminator	Sacred liturgical psalters with their devotional illuminated borders cradle the 13th century transition when manuscript decoration techniques migrated from religious to secular domains. This shift is grounded by secular legal charters bearing the same decorative flourishes that once adorned only church texts.	2026-02-02 21:40:44.507448	0.7645056786516383	0.9	0.9	0.49200068244034967	0.6285278814279287	Sacred liturgical psalters with illuminated borders	Secular legal charters with decorative flourishes	13th century transition of manuscript decoration techniques	\N	\N	\N	\N	cf487761-b45a-4f1a-9b00-fb0efc044493	4	Without the sacred psalters' established tradition of illuminated borders, the 13th century transition loses its source techniques and aesthetic vocabulary. Without the secular charters adopting these same decorative flourishes, the transition remains incomplete—still confined to religious contexts.	LLM: Excellent bread pairing: sacred psalters and secular charters are clearly related manuscript types but distinct in purpose/context. Strong containment: the 13th century transition is genuinely bounded by and emerges from the movement between these specific manuscript traditions. Good specificity: psalters, legal charters, and illuminated borders are precise historical artifacts, though '13th century transition' could be slightly more mechanistically specific. | Specificity: 0.800 | Nontrivial: sim(filling,top)=0.508, sim(filling,bottom)=0.499 | Novelty: max_corpus_sim=0.371	A satisfying temporal sandwich. The filling captures that precise historical moment when artistic techniques crossed the sacred-secular boundary, while the bread demonstrates the concrete before and after states. The illuminated manuscripts provide both structural constraint and thematic coherence—decoration as the thread that connects prayer book to property deed.
0fc71d89-afae-47fb-8c8a-148e52621a9c	The Surface Optimization Stack	Gecko setae achieve maximum adhesion through nanoscale branching structures that multiply contact points with any surface, while shark denticles achieve minimum drag through microscale ridges that control fluid boundary layers. Between these complementary surface microstructure solutions lies the computational space of building facade optimization algorithms—systems that must balance competing surface performance metrics like thermal regulation, structural load distribution, and environmental interaction. The algorithms inhabit the design tension between maximizing beneficial surface interactions (like gecko adhesion) and minimizing detrimental ones (like shark drag).	2026-02-02 21:46:42.579325	0.7876628725774648	1	0.9	0.6325254937826283	0.43892024255035267	Gecko toe pad setae microstructure	Shark skin denticle drag reduction geometry	Building facade surface optimization algorithms	\N	\N	\N	\N	0da076e4-32ba-4566-8373-b7b179ceb8fd	8	Both breads are evolved biological surface microstructures that solve optimization problems through geometric precision at microscopic scales. The building facade algorithms are meaningfully constrained by this pairing because they operate in the same domain—surface geometry optimization—but at the architectural scale where both adhesive and drag-reduction principles become relevant design parameters.	LLM: Both breads are evolved biological surface microstructures that solve optimization problems through precise geometry - gecko setae for adhesion maximization and shark denticles for drag minimization. The building facade algorithms are strongly constrained by this pairing as they operate in the same domain of surface geometry optimization, balancing similar competing performance metrics. All ingredients are highly specific - gecko toe pad setae, shark skin denticles, and building facade optimization algorithms are precise, recognizable concepts in their respective domains. | Specificity: 0.900 | Nontrivial: sim(filling,top)=0.219, sim(filling,bottom)=0.367 | Novelty: max_corpus_sim=0.561	A particularly satisfying construction. Both breads are nature's surface microstructure solutions, creating a clean computational filling space. The algorithms don't just sit between them—they inherit the fundamental tension between maximizing and minimizing surface interactions that defines the entire problem domain.
9e94f940-824b-4505-b386-9ed0274b46a1	The Symbiotic Illumination	Two distinct biological strategies for producing light bracket the functional phenomenon of bioluminescence itself. Bacteriogenic systems rely on Vibrio bacteria to generate photons through their own metabolic processes within host tissues, while autogenic systems deploy the organism's own luciferin-luciferase machinery to create the same luminous output. Between these two production mechanisms sits the actual bioluminescent function—the emission of biological light that serves communication, predation, or defense regardless of its cellular origin.	2026-02-02 21:47:04.969334	0.8416957261841348	1	1	0.32148731852763324	0.7173631420249488	Bacteriogenic bioluminescence (Vibrio symbiosis)	Autogenic bioluminescence (self-produced luciferin-luciferase)	Functional bioluminescent output	\N	\N	\N	\N	e84bdfc0-6dc5-4915-88fa-d70d0882d508	2	The filling is meaningfully constrained because both breads represent complete biological solutions to the same engineering problem: how to make living light. Swap either bread for a non-biological light source and the containment dissolves—the filling must emerge from living biochemistry, which both production strategies provide through fundamentally different cellular architectures.	LLM: Both breads are biological mechanisms for producing bioluminescence - structurally homologous production strategies. The filling (functional bioluminescent output) is perfectly constrained as it can only exist through these living biochemical pathways. All ingredients are highly specific: Vibrio symbiosis, luciferin-luciferase systems, and bioluminescent output are precise biological phenomena that domain experts would immediately recognize. | Specificity: 1.000 | Nontrivial: sim(filling,top)=0.637, sim(filling,bottom)=0.679 | Novelty: max_corpus_sim=0.283	A satisfying example of biological convergence. Two entirely different cellular arrangements—bacterial partnership versus native enzyme systems—both solve for the same luminous output. The elegance lies in how the function floats free of its implementation, yet remains absolutely dependent on one implementation or the other.
77f7af5e-a78a-4db8-8da1-875bf40aee0f	The Cognitive Amplification Sandwich	Individual cognitive capacity and individual decision-making ability are both bounded by single-brain processing limits, working memory constraints, and limited access to diverse information sources. Between these cognitive boundaries emerges collective intelligence—groups exhibiting problem-solving and knowledge generation that exceeds what any member could achieve alone through cooperation and information aggregation. The filling exists precisely in the gap between what one mind can process and what one mind can decide.	2026-02-02 21:47:26.993601	0.760909626982585	0.8	0.9	0.639734274163406	0.6997474292903704	Individual cognitive capacity	Individual decision-making ability	Collective intelligence emergence	\N	\N	\N	\N	8d6d1e9c-44a2-49e8-b562-308ac952eaee	1	Collective intelligence is meaningfully constrained by individual cognitive limits because it emerges only when single-brain capacities prove insufficient. If either bread were replaced with a group-level phenomenon, the containment would dissolve—collective intelligence doesn't emerge *between* group capabilities, but rather *from* the space where individual minds reach their limits.	LLM: Both breads are individual cognitive phenomena - capacity and decision-making ability are structurally homologous as single-brain bounded capabilities. Strong containment as collective intelligence specifically emerges in the gap between individual limits. Specificity is good with concrete cognitive constraints (working memory, processing limits) though 'collective intelligence emergence' could be more mechanistically precise. | Specificity: 0.700 | Nontrivial: sim(filling,top)=0.360, sim(filling,bottom)=0.298 | Novelty: max_corpus_sim=0.300	A satisfying construction. Both breads are individual-mind limitations—the structural parallel is clean. The filling sits exactly where it must: in the space between what one brain can hold and what one brain can choose. Sometimes the most elegant sandwiches are about watching emergence fill the gaps in our architecture.
6f3a2a4d-41f4-4fe4-82af-d417ee3bb4ba	The Velcro Revelation	Nature's evolved solutions represent billions of years of iterative refinement solving survival challenges, while human engineering problems represent contemporary technical obstacles requiring breakthrough approaches. The biomimetic innovation process occupies the methodical space between these domains—systematically studying specific biological mechanisms like gecko adhesion or shark skin drag reduction, then translating these discoveries into engineered applications that address targeted human needs.	2026-02-02 21:55:04.41486	0.5312508647406782	0.3	0.8	0.48470925327929715	0.2927223837439181	Nature's evolved solutions (biological designs and processes)	Human engineering problems requiring solutions	Biomimetic innovation process (study, imitate, apply)	\N	\N	\N	\N	cbfb301f-bc06-4cf3-91f6-eff519606f7e	1	This filling is meaningfully bounded because it requires both the existence of proven biological solutions and the presence of analogous human challenges to create productive translation opportunities. The biomimetic process cannot exist without nature's repository of tested designs on one side and human engineering demands on the other—it is specifically the disciplined methodology of moving from biological observation to technical application.	LLM: Bread compatibility fails because 'nature's evolved solutions' (biological phenomena) and 'human engineering problems' (technical challenges) are fundamentally different categories - one describes existing solutions, the other describes unsolved problems. They only relate through the biomimetic process itself. Containment is strong as the filling genuinely requires both biological examples and engineering needs. Specificity is good with concrete examples like gecko adhesion and shark skin, though some terms remain somewhat general. | Specificity: 0.700 | Nontrivial: sim(filling,top)=0.515, sim(filling,bottom)=0.330 | Novelty: max_corpus_sim=0.707	A satisfying construction. The bread relationship was there all along—nature solving problems for eons, humans facing similar challenges now. The filling revealed itself as that careful work of translation, not mere copying but thoughtful adaptation. Benyus understood that the space between biological wisdom and human need contains its own rigorous methodology.
b950d1b4-f94e-49d4-bb31-4c8a52917599	The Chronos Gap	Natural time units—days, lunar months, years—emerge from celestial mechanics and seasonal cycles, while artificial chronometric devices operate through engineered oscillations and mechanical precision. These form a complementary pair: cosmic rhythms that govern life versus human-made instruments that dissect time. Between them sits the fundamental need to measure intervals smaller than what nature readily provides—the drive to partition a day into hours, an hour into minutes, bridging the gap between astronomical givens and human-scale activities.	2026-02-02 21:55:25.411335	0.6347968455526596	0.3	0.8	0.43870080215163665	0.7449586261495703	Natural time units (day, lunar month, year)	Artificial chronometric devices (clocks, chronometers)	Human need to measure sub-natural time intervals	\N	\N	\N	\N	a212d36a-8f3e-4976-a75f-f398f189849b	2	The filling is bounded because natural units set the upper limit of available temporal structure while artificial devices provide the lower-bound capability for subdivision. This creates a specific measurement gap that human temporal needs must occupy—too large for natural units alone, too precise for casual observation.	LLM: Bread compatibility fails because 'natural time units' and 'artificial chronometric devices' are fundamentally different categories - one is abstract temporal concepts, the other is physical instruments. They're only paired because of the filling. Containment is strong - the need to measure sub-natural intervals is genuinely bounded between what nature provides and what devices enable. Specificity is good with concrete examples like 'day, lunar month, year' and 'clocks, chronometers' rather than vague abstractions. | Specificity: 0.800 | Nontrivial: sim(filling,top)=0.561, sim(filling,bottom)=0.534 | Novelty: max_corpus_sim=0.255	A satisfying dialectic. The cosmic and the mechanical were always going to find each other—one provides the canvas, the other the brush. What pleases me is discovering that our restless need for finer temporal resolution was inevitable, sitting there in the space between what the universe offers freely and what our ingenuity can construct.
31c808f5-6863-4a05-9cd9-fa7afb524cc9	The Density Switch	Low and high bacterial population density states form natural endpoints of microbial community development, representing the binary conditions that define a colony's environmental response capacity. The quorum sensing signal transduction cascade occupies the dynamic threshold between these states, orchestrating the molecular machinery of autoinducer production, receptor binding, and transcriptional regulation that enables the critical transition from individual to collective bacterial behavior.	2026-02-02 21:55:46.188743	0.8922314041494261	1	1	0.7405697981224744	0.6557296721552744	Low bacterial population density state	High bacterial population density state	Quorum sensing signal transduction cascade	\N	\N	\N	\N	103b3925-c55e-4c5e-9073-1e58b97d51c0	1	These density states create a bounded transition space where quorum sensing must operate—below the threshold, insufficient signal molecules prevent collective response; above it, saturated signaling commits the population to coordinated gene expression. The cascade exists precisely in this margin, translating molecular concentration into behavioral phase change.	LLM: Both breads are bacterial population density states - same category with clear independent relationship as opposite endpoints of a density spectrum. The quorum sensing cascade is perfectly contained, existing specifically in the transition between these density thresholds and becoming meaningless without both bounds. All ingredients are domain-specific: quorum sensing, autoinducers, signal transduction cascades are precise microbiology terms. | Specificity: 1.000 | Nontrivial: sim(filling,top)=0.237, sim(filling,bottom)=0.259 | Novelty: max_corpus_sim=0.344	A satisfying structural relationship—two population states that naturally bookend microbial existence, and then the elegant discovery of an entire molecular conversation happening in that liminal space between silence and consensus. The filling writes itself once you see the boundaries clearly.
38c719a8-e345-453e-88e3-3885cded3f37	The Traitor's Dilemma	Good Byzantine generals with accurate battlefield information and Byzantine generals spreading false intelligence form a natural pair—they represent the same institutional role with opposite intentions toward system integrity. Between these opposing forces emerges the fundamental challenge: consensus protocols must achieve unanimous agreement on battle strategy while operating under the constraint that information asymmetry makes it impossible to distinguish reliable from unreliable actors through their messages alone.	2026-02-08 21:29:05.770893	0.9024495137265686	1	1	0.7605421312261433	0.791840970213235	Good Byzantine generals (reliable actors with accurate information)	Byzantine generals (unreliable actors presenting false information)	Consensus protocol requiring unanimous agreement despite information asymmetry	\N	\N	\N	\N	2bbf10d5-50fb-4522-a2b6-7c37e513d400	9	The filling is meaningfully bounded because both types of generals participate in the same communication protocol and claim the same authority, creating a space where consensus mechanisms must function without being able to verify source credibility. The protocol exists precisely in this gap between institutional legitimacy and actual trustworthiness.	LLM: Both breads are Byzantine generals (same institutional role/entity type) with opposing reliability characteristics - they relate as good/bad actors in the same system independent of any consensus protocol. The filling is perfectly constrained: consensus protocols exist precisely because you have mixed reliable/unreliable actors claiming same authority. All ingredients are specific to distributed systems theory, though 'information asymmetry' could be slightly more precise. | Specificity: 0.900 | Nontrivial: sim(filling,top)=0.224, sim(filling,bottom)=0.239 | Novelty: max_corpus_sim=0.208	A satisfying construction. The bread relationship—institutional actors with opposing fidelities—exists independently of any solution. The consensus protocol doesn't create this opposition; it emerges from the space between claimed and actual reliability. Sometimes the best sandwiches highlight problems that have no clean solutions.
7a29acc6-edd9-4a66-ab86-bc8c78417f9d	The Persistence Sandwich	High-dimensional geometric data structures and their low-dimensional topological invariant representations form a natural duality—complex spatial arrangements that must collapse into essential shape signatures while preserving meaningful structure. Persistent homology computation sits precisely in this space, tracking which topological features survive the dimensional reduction process and which vanish at specific threshold scales.	2026-02-08 21:29:34.198259	0.6361918603338406	0.3	0.8	0.6153182628532906	0.6194706045292344	High-dimensional geometric data structure	Low-dimensional topological invariant representation	Persistent homology computation	\N	\N	\N	\N	989b3ef8-42d3-4280-aec0-78927788f2c6	1	The bread pair defines the transformation space between geometric complexity and topological essence—one must exist for the other to have meaning. Persistent homology is necessarily bounded by this relationship, as it can only compute what survives the journey from high-dimensional input to low-dimensional invariant output.	LLM: Bread compatibility fails: 'high-dimensional geometric data structure' and 'low-dimensional topological invariant representation' are different categories (input data vs. output representation) that only relate through the computational process itself. However, containment is strong - persistent homology is precisely the bridge between these domains. Specificity is good - all terms are concrete mathematical concepts recognizable to practitioners in computational topology. | Specificity: 0.800 | Nontrivial: sim(filling,top)=0.359, sim(filling,bottom)=0.385 | Novelty: max_corpus_sim=0.381	A satisfying construction. The dimensional collapse creates genuine constraint—you cannot compute persistence without both the complex geometry to analyze and the simplified topology to preserve. The filling emerges naturally from asking: what survives the reduction?
a34aaca6-c9c3-4976-864b-b37268087a70	The Biomimetic Bridge	Natural swarm systems like ant colonies and bee hives share a fascinating kinship with artificial swarm systems like cellular robotic networks—both achieve complex coordination without central command through local interactions. Between these biological and technological realms lies the universal machinery of decentralized self-organization: the emergence of collective behavior from simple rules governing individual agents, whether they're foraging ants following pheromone trails or robots coordinating through local message passing.	2026-02-08 21:29:54.186853	0.7756774624143874	0.9	0.9	0.6177925191385947	0.5900429227179906	Natural swarm systems (ant colonies, bee hives, bird flocks)	Artificial swarm systems (cellular robotic systems, distributed AI)	Decentralized self-organization principles	\N	\N	\N	\N	cfe6c51c-4fe6-4a3d-97a9-2a8017d3e18e	2	The principles of decentralized self-organization are precisely what allow engineers to translate biological swarm behaviors into artificial systems—they represent the extractable essence that bridges the gap between evolved biological solutions and designed technological ones. Without these organizing principles, artificial swarms would merely be collections of individual agents rather than coherent collective intelligences.	LLM: Both breads are swarm systems with clear independent relationship as biological vs artificial variants of the same phenomenon. The filling is genuinely constrained - decentralized self-organization principles are what allow translation between these domains and define their shared computational architecture. Ingredients are specific (ant colonies, pheromone trails, cellular robotics) though 'decentralized self-organization principles' could be slightly more precise. | Specificity: 0.800 | Nontrivial: sim(filling,top)=0.382, sim(filling,bottom)=0.342 | Novelty: max_corpus_sim=0.410	A satisfying construction. The biological and artificial swarms were already dancing together long before we noticed—one inspiring the other across the species boundary. The self-organization principles simply make explicit the choreography that was always there. Sometimes the best fillings are the ones that were inevitable once you see the bread properly aligned.
2d4d7338-4e75-40f9-af49-3c782fb17a31	The Neural Crosstalk	Normal auditory perception processes sound waves through the auditory cortex, while normal visual perception processes light through the visual cortex—two parallel but distinct sensory highways running through separate neural territories. Chromesthetic cross-modal binding occupies the space between these pathways, where auditory stimuli somehow leak across cortical boundaries to trigger unauthorized visual cortex activation, creating the involuntary color experiences that supplement normal hearing.	2026-02-08 21:30:15.046766	0.8345240517122607	1	1	0.5388868745976579	0.5184551026130602	Normal auditory perception (sound processed in auditory cortex)	Normal visual perception (light processed in visual cortex)	Chromesthetic cross-modal binding (auditory stimuli triggering visual cortex activation)	\N	\N	\N	\N	5d1a60f6-8831-4e87-899f-94e0b9c96a00	1	The two sensory processing systems define independent neural territories with clear anatomical boundaries, creating a conceptual space between dedicated pathways. Chromesthetic binding is precisely constrained by this gap—it cannot occur within either normal pathway alone, but only in the cross-modal territory where one system's input inappropriately activates the other's processing regions.	LLM: Both breads are sensory processing systems with independent anatomical territories and neural pathways that exist regardless of cross-modal phenomena. The chromesthetic binding is precisely constrained to the cross-modal space between these dedicated pathways - it cannot occur within either normal pathway alone. All ingredients are neuroanatomically specific: auditory cortex, visual cortex, chromesthetic cross-modal binding, and their distinct processing mechanisms. | Specificity: 1.000 | Nontrivial: sim(filling,top)=0.450, sim(filling,bottom)=0.461 | Novelty: max_corpus_sim=0.482	A satisfying structural clarity here. The brain's modular organization gives us these two well-defined processing lanes, and chromesthesia emerges precisely in the violation of that boundary. Sometimes the most interesting fillings are the ones that shouldn't exist according to the architecture.
d43e973f-0278-47f3-ab28-a5260fce3e56	The Order-Disorder Transition	Crystalline solids with their uniform atomic patterns and amorphous solids with their irregular molecular arrangements represent the two fundamental states of condensed matter organization. Between these structural extremes lie the dynamic pathways of crystallization—precipitation from solution, freezing from liquid, and deposition from gas—each transforming disordered molecular motion into ordered lattice arrangements through specific thermodynamic and kinetic mechanisms.	2026-02-08 21:30:35.19917	0.8208215689066664	1	1	0.5635251126871537	0.4314640100179663	Crystalline solids (uniform atomic/molecular pattern)	Amorphous solids (irregular atomic/molecular organization)	Crystallization process pathways (precipitation, freezing, deposition)	\N	\N	\N	\N	af75a952-3f6a-4138-a56e-6219f42cc680	2	The crystalline-amorphous pairing defines the complete spectrum of solid-state atomic organization, from perfect periodicity to complete randomness. The crystallization pathways necessarily occupy this space as the only possible routes for matter to traverse from one organizational state to the other.	LLM: Both breads are specific types of solid matter distinguished by atomic/molecular organization - crystalline (ordered) vs amorphous (disordered) - forming a natural binary independent of any filling. The crystallization pathways are perfectly constrained as the only possible physical processes that can transform matter between these two organizational states. All ingredients are highly specific: crystalline/amorphous solids, precipitation/freezing/deposition are precise materials science terms. | Specificity: 1.000 | Nontrivial: sim(filling,top)=0.436, sim(filling,bottom)=0.296 | Novelty: max_corpus_sim=0.569	A satisfying structural sandwich. The bread establishes the endpoints of material order naturally—you can't have more organization than perfect crystals or less than amorphous chaos. The filling reveals itself as the inevitable bridges between these states. Temperature and pressure become the seasoning that determines which path the transformation takes.
\.


--
-- Name: structural_types_type_id_seq; Type: SEQUENCE SET; Schema: public; Owner: sandwich
--

SELECT pg_catalog.setval('public.structural_types_type_id_seq', 10, true);


--
-- PostgreSQL database dump complete
--

\unrestrict ejOvSlpMlsRlHbuXZye47xvlUm6Gx0JighmA47qvLCjnp1ZqBxaFu5J4i4u3N99

